Title,Link,Image URL
Juego de ladrones 2: Pantera,https://www.sensacine.com/peliculas/pelicula-137974/,https://es.web.img2.acsta.net/c_310_420/img/03/c9/03c90e248da974c4c1610be6b30851cc.jpg
El juramento,https://www.sensacine.com/peliculas/pelicula-29167/,https://es.web.img2.acsta.net/c_310_420/medias/nmedia/18/74/24/00/20081955.jpg
El padrino,https://www.sensacine.com/peliculas/pelicula-1628/,"data:image/gif;base64,R0lGODlhAwAEAIAAAAAAAAAAACH5BAEAAAAALAAAAAADAAQAAAIDhI9WADs="
El Secreto de Sus Ojos,https://www.sensacine.com/peliculas/pelicula-171223/,"data:image/gif;base64,R0lGODlhAwAEAIAAAAAAAAAAACH5BAEAAAAALAAAAAADAAQAAAIDhI9WADs="
El secreto de una obsesión,https://www.sensacine.com/peliculas/pelicula-186344/,https://es.web.img2.acsta.net/c_310_420/pictures/16/03/03/09/59/015078.jpg
Venganza,https://www.sensacine.com/peliculas/pelicula-126169/,https://es.web.img2.acsta.net/c_310_420/medias/nmedia/18/66/89/00/20198925.jpg
Seven,https://www.sensacine.com/peliculas/pelicula-13892/,https://es.web.img2.acsta.net/c_310_420/medias/nmedia/18/69/04/89/19757783.jpg
Infiltrados,https://www.sensacine.com/peliculas/pelicula-55983/,"data:image/gif;base64,R0lGODlhAwAEAIAAAAAAAAAAACH5BAEAAAAALAAAAAADAAQAAAIDhI9WADs="
Chacal,https://www.sensacine.com/peliculas/pelicula-3568/,"data:image/gif;base64,R0lGODlhAwAEAIAAAAAAAAAAACH5BAEAAAAALAAAAAADAAQAAAIDhI9WADs="
Ciudad de Dios,https://www.sensacine.com/peliculas/pelicula-45264/,"data:image/gif;base64,R0lGODlhAwAEAIAAAAAAAAAAACH5BAEAAAAALAAAAAADAAQAAAIDhI9WADs="
La milla verde,https://www.sensacine.com/peliculas/pelicula-22779/,https://es.web.img3.acsta.net/c_310_420/medias/nmedia/18/74/37/43/20156807.jpg
Contratiempo,https://www.sensacine.com/peliculas/pelicula-241486/,https://es.web.img3.acsta.net/c_310_420/pictures/16/11/18/11/16/356441.jpg
Pulp Fiction,https://www.sensacine.com/peliculas/pelicula-10126/,"data:image/gif;base64,R0lGODlhAwAEAIAAAAAAAAAAACH5BAEAAAAALAAAAAADAAQAAAIDhI9WADs="
Juego de ladrones,https://www.sensacine.com/peliculas/pelicula-228972/,"data:image/gif;base64,R0lGODlhAwAEAIAAAAAAAAAAACH5BAEAAAAALAAAAAADAAQAAAIDhI9WADs="
Legend,https://www.sensacine.com/peliculas/pelicula-227358/,"data:image/gif;base64,R0lGODlhAwAEAIAAAAAAAAAAACH5BAEAAAAALAAAAAADAAQAAAIDhI9WADs="
The Fast and the Furious (A todo gas),https://www.sensacine.com/peliculas/pelicula-29173/,"data:image/gif;base64,R0lGODlhAwAEAIAAAAAAAAAAACH5BAEAAAAALAAAAAADAAQAAAIDhI9WADs="
Baby Driver,https://www.sensacine.com/peliculas/pelicula-230453/,"data:image/gif;base64,R0lGODlhAwAEAIAAAAAAAAAAACH5BAEAAAAALAAAAAADAAQAAAIDhI9WADs="
Perdida,https://www.sensacine.com/peliculas/pelicula-217882/,"data:image/gif;base64,R0lGODlhAwAEAIAAAAAAAAAAACH5BAEAAAAALAAAAAADAAQAAAIDhI9WADs="
22 balas (El inmortal),https://www.sensacine.com/peliculas/pelicula-133139/,"data:image/gif;base64,R0lGODlhAwAEAIAAAAAAAAAAACH5BAEAAAAALAAAAAADAAQAAAIDhI9WADs="
El Padrino. Parte II,https://www.sensacine.com/peliculas/pelicula-28201/,"data:image/gif;base64,R0lGODlhAwAEAIAAAAAAAAAAACH5BAEAAAAALAAAAAADAAQAAAIDhI9WADs="
"Taxi, derrape total",https://www.sensacine.com/peliculas/pelicula-53233/,https://es.web.img2.acsta.net/c_310_420/medias/nmedia/18/89/88/20/20071047.jpg
Barry Seal: El traficante,https://www.sensacine.com/peliculas/pelicula-227043/,https://es.web.img3.acsta.net/c_310_420/pictures/17/06/06/09/22/089813.jpg
Ferry 2,https://www.sensacine.com/peliculas/pelicula-326361/,"data:image/gif;base64,R0lGODlhAwAEAIAAAAAAAAAAACH5BAEAAAAALAAAAAADAAQAAAIDhI9WADs="
El cuervo (The Crow),https://www.sensacine.com/peliculas/pelicula-141621/,"data:image/gif;base64,R0lGODlhAwAEAIAAAAAAAAAAACH5BAEAAAAALAAAAAADAAQAAAIDhI9WADs="
Abierto hasta el amanecer,https://www.sensacine.com/peliculas/pelicula-15002/,"data:image/gif;base64,R0lGODlhAwAEAIAAAAAAAAAAACH5BAEAAAAALAAAAAADAAQAAAIDhI9WADs="
Shooter: El tirador,https://www.sensacine.com/peliculas/pelicula-77317/,"data:image/gif;base64,R0lGODlhAwAEAIAAAAAAAAAAACH5BAEAAAAALAAAAAADAAQAAAIDhI9WADs="
Taxi Driver,https://www.sensacine.com/peliculas/pelicula-308/,"data:image/gif;base64,R0lGODlhAwAEAIAAAAAAAAAAACH5BAEAAAAALAAAAAADAAQAAAIDhI9WADs="
El precio del poder,https://www.sensacine.com/peliculas/pelicula-900/,https://es.web.img3.acsta.net/c_310_420/medias/nmedia/18/91/03/51/20126486.jpg
The Equalizer: El protector,https://www.sensacine.com/peliculas/pelicula-182873/,https://es.web.img3.acsta.net/c_310_420/pictures/14/09/05/13/57/291266.jpg
Protegidos por su enemigo,https://www.sensacine.com/peliculas/pelicula-125725/,https://es.web.img2.acsta.net/c_310_420/pictures/210/126/21012669_201306142356508.jpg
"Torrente, el brazo tonto de la ley",https://www.sensacine.com/peliculas/pelicula-17592/,https://es.web.img2.acsta.net/c_310_420/medias/nmedia/18/70/17/46/20086489.jpg
Érase una vez en América,https://www.sensacine.com/peliculas/pelicula-1941/,https://es.web.img2.acsta.net/c_310_420/medias/nmedia/18/68/09/83/20077948.jpg
Instinto básico,https://www.sensacine.com/peliculas/pelicula-7342/,"data:image/gif;base64,R0lGODlhAwAEAIAAAAAAAAAAACH5BAEAAAAALAAAAAADAAQAAAIDhI9WADs="
Dos policías rebeldes II,https://www.sensacine.com/peliculas/pelicula-47111/,https://es.web.img2.acsta.net/c_310_420/medias/nmedia/18/89/99/59/20076307.jpg
Transporter 2,https://www.sensacine.com/peliculas/pelicula-57125/,https://es.web.img3.acsta.net/c_310_420/medias/nmedia/18/89/76/05/20065466.jpg
Boyka: Invicto 4,https://www.sensacine.com/peliculas/pelicula-243918/,https://es.web.img3.acsta.net/c_310_420/pictures/16/05/23/14/06/421137.jpg
Step up (Bailando),https://www.sensacine.com/peliculas/pelicula-111632/,https://es.web.img3.acsta.net/c_310_420/pictures/14/03/13/10/11/381575.jpg
Training Day (Día de entrenamiento),https://www.sensacine.com/peliculas/pelicula-29232/,"data:image/gif;base64,R0lGODlhAwAEAIAAAAAAAAAAACH5BAEAAAAALAAAAAADAAQAAAIDhI9WADs="
Declaradme culpable,https://www.sensacine.com/peliculas/pelicula-57128/,"data:image/gif;base64,R0lGODlhAwAEAIAAAAAAAAAAACH5BAEAAAAALAAAAAADAAQAAAIDhI9WADs="
La Virgen de los Sicarios,https://www.sensacine.com/peliculas/pelicula-8666/,"data:image/gif;base64,R0lGODlhAwAEAIAAAAAAAAAAACH5BAEAAAAALAAAAAADAAQAAAIDhI9WADs="
Un golpe con estilo,https://www.sensacine.com/peliculas/pelicula-233405/,https://es.web.img2.acsta.net/c_310_420/pictures/17/02/16/17/01/502588.jpg
Fargo,https://www.sensacine.com/peliculas/pelicula-14928/,https://es.web.img3.acsta.net/c_310_420/medias/nmedia/18/67/73/60/20141531.jpg
Millennium: Los hombres que no amaban a las mujeres,https://www.sensacine.com/peliculas/pelicula-178974/,"data:image/gif;base64,R0lGODlhAwAEAIAAAAAAAAAAACH5BAEAAAAALAAAAAADAAQAAAIDhI9WADs="
Adèle y el misterio de la momia,https://www.sensacine.com/peliculas/pelicula-133917/,"data:image/gif;base64,R0lGODlhAwAEAIAAAAAAAAAAACH5BAEAAAAALAAAAAADAAQAAAIDhI9WADs="
"Snatch, cerdos y diamantes",https://www.sensacine.com/peliculas/pelicula-26251/,https://es.web.img2.acsta.net/c_310_420/pictures/15/11/05/12/34/467914.jpg
Un pequeño favor,https://www.sensacine.com/peliculas/pelicula-257022/,https://es.web.img3.acsta.net/c_310_420/pictures/18/07/17/13/12/3198015.jpg
La suerte de los Logan,https://www.sensacine.com/peliculas/pelicula-244869/,https://es.web.img3.acsta.net/c_310_420/pictures/17/09/22/11/39/2420204.jpg
Memento,https://www.sensacine.com/peliculas/pelicula-25744/,https://es.web.img3.acsta.net/c_310_420/medias/nmedia/18/70/92/19/20080991.jpg
Trainspotting,https://www.sensacine.com/peliculas/pelicula-14788/,"data:image/gif;base64,R0lGODlhAwAEAIAAAAAAAAAAACH5BAEAAAAALAAAAAADAAQAAAIDhI9WADs="
El nombre de la rosa,https://www.sensacine.com/peliculas/pelicula-2402/,"data:image/gif;base64,R0lGODlhAwAEAIAAAAAAAAAAACH5BAEAAAAALAAAAAADAAQAAAIDhI9WADs="
